{
  "bohachevskyN1": [
    0,
    0,
    0,
    0,
    0,
    0,
    0,
    0,
    0,
    0,
    0,
    0,
    0,
    0,
    0,
    0,
    0,
    0,
    0,
    0
  ],
  "ackleyN2": [
    -200,
    -200,
    -200,
    -200,
    -200,
    -200,
    -200,
    -200,
    -200,
    -200,
    -200,
    -200,
    -200,
    -200,
    -200,
    -200,
    -200,
    -200,
    -200,
    -200
  ],
  "sphere": [
    9.807777971654043e-8,
    2.5398779507034313e-7,
    5.998663354212329e-8,
    3.398155280865346e-8,
    3.8923626696051487e-8,
    5.266020421771078e-7,
    3.608962543687771e-8,
    0.00000279518715004708,
    7.318237773977654e-8,
    2.1296372286244743e-8,
    6.877980351560294e-9,
    9.72935482143566e-7,
    9.944372322475946e-9,
    1.409983912595444e-7,
    0.000006373366819988428,
    2.021172099366061e-8,
    1.749600963099939e-8,
    4.9726306115794436e-8,
    1.4811650873468678e-7,
    6.772805667597764e-9
  ],
  "brent": {
    "mean": 8.194012623990515e-40,
    "variance": 0
  }
}