{
  "bohachevskyN1": [
    0,
    0,
    0,
    0,
    0,
    0,
    0,
    0,
    0,
    0,
    0,
    0,
    0,
    0,
    0,
    0,
    0,
    0,
    0,
    0
  ],
  "ackleyN2": [
    -200,
    -200,
    -200,
    -200,
    -200,
    -200,
    -200,
    -200,
    -200,
    -200,
    -200,
    -200,
    -200,
    -200,
    -200,
    -200,
    -200,
    -200,
    -200,
    -200
  ],
  "sphere": [
    2.531208481492618e-7,
    5.300018143140479e-9,
    0.0000013184720715833319,
    1.6517505991495024e-7,
    4.934832135111755e-8,
    1.1906936526640105e-7,
    9.272974819737011e-8,
    1.2336360661929304e-7,
    0.000001291298118285697,
    1.987105447310185e-7,
    1.059125186005809e-7,
    2.978877822922857e-7,
    5.318284325450655e-8,
    6.067713315484953e-9,
    1.5235044905275816e-7,
    1.237319572755903e-7,
    4.753125224518388e-8,
    6.352823535074687e-8,
    8.785765500333854e-8,
    2.0449290975268996e-7
  ],
  "brent": [
    8.194012623990515e-40,
    8.194012623990515e-40,
    8.194012623990515e-40,
    8.194012623990515e-40,
    8.194012623990515e-40,
    8.194012623990515e-40,
    8.194012623990515e-40,
    8.194012623990515e-40,
    8.194012623990515e-40,
    8.194012623990515e-40,
    8.194012623990515e-40,
    8.194012623990515e-40,
    8.194012623990515e-40,
    8.194012623990515e-40,
    8.194012623990515e-40,
    8.194012623990515e-40,
    8.194012623990515e-40,
    8.194012623990515e-40,
    8.194012623990515e-40,
    8.194012623990515e-40
  ],
  "dropWave": [
    -1.4916051384503817,
    -1.491605138450382,
    -1.491605138450382,
    -1.491605138450382,
    -1.491605138450382,
    -1.491605138450382,
    -1.491605138450382,
    -1.491605138450382,
    -1.491605138450382,
    -1.491605138450382,
    -1.491605138450382,
    -1.491605138450382,
    -1.491605138450382,
    -1.491605138450382,
    -1.491605138450382,
    -1.491605138450382,
    -1.491605138450382,
    -1.4916051384503817,
    -1.491605138450382,
    -1.491605138450382
  ],
  "matyas": [
    7.01507273937532e-38,
    4.3189830125711677e-36,
    2.7527570051953403e-37,
    7.457403433551774e-36,
    1.5295605196552773e-36,
    8.421943513417779e-36,
    5.008174238814977e-35,
    1.9309866484207021e-35,
    1.0301755254918824e-35,
    9.258032343648832e-38,
    1.9282034192950625e-36,
    1.6249556569736814e-36,
    8.760988591592175e-35,
    1.627079752905972e-36,
    4.082008324794934e-36,
    1.2315564805417861e-36,
    1.1432480792981547e-37,
    5.6008705859390973e-36,
    2.246307531003026e-36,
    1.23906052026569e-36
  ],
  "schwefel220": [
    0.21160139517530188,
    0.007028002827446905,
    10.000226498971603,
    0.002017396812061346,
    10.062541167379736,
    0.015921514530401314,
    10.394752981584885,
    0.014563224702584556,
    0.02033125913944143,
    10.003451870050373,
    0.007879326086645017,
    0.0018939434210414822,
    0.0051578278879725265,
    0.02881474087585516,
    0.004232431767233865,
    0.005746226323815873,
    0.038263043372862474,
    10.04943694553807,
    20.000936604579486,
    0.0012768223375029864
  ],
  "bird": [
    -106.76453674926476,
    -106.76453674926478,
    -106.76453674926476,
    -106.76453674926476,
    -106.76453674926478,
    -106.76453674926476,
    -106.76453674926476,
    -106.76453674926476,
    -106.76453674926478,
    -106.76453674926476,
    -106.76453674926476,
    -106.76453674926476,
    -106.76453674926478,
    -106.76453674926476,
    -106.76453674926476,
    -106.76453674926476,
    -106.76453674926478,
    -106.76453674926476,
    -106.76453674926478,
    -106.76453674926478
  ],
  "deckkersAarts": [
    -8000029390,
    -8000029390,
    -8000029390,
    -8000029390,
    -8000029390,
    -8000029390,
    -8000029390,
    -8000029390,
    -8000029390,
    -8000029390,
    -8000029390,
    -8000029390,
    -8000029390,
    -8000029390,
    -8000029390,
    -8000029390,
    -8000029390,
    -8000029390,
    -8000029390,
    -8000029390
  ],
  "goldsteinPrice": [
    -1939996788.1207736,
    -1939996788.1207743,
    -1939996788.1207745,
    -1939996788.1207738,
    -1939996788.1207743,
    -1939996788.1207743,
    -1939996788.1207747,
    -1939996788.120774,
    -1939996788.1207736,
    -1939996788.1207747,
    -1939996788.120774,
    -1939996788.1207743,
    -1939996788.1207747,
    -1939996788.1207738,
    -1939996788.1207745,
    -1939996788.1207743,
    -1939996788.1207738,
    -1939996788.120774,
    -1939996788.1207743,
    -1939996788.1207745
  ],
  "happyCat": [
    4.420722413604349,
    4.420722414633296,
    0.4117539048477352,
    0.4394934847603384,
    0.46130197276818086,
    0.6553240931971731,
    0.5265541162737465,
    0.4680471198324089,
    0.7415710649586535,
    0.5348035345421531,
    0.42071601959823796,
    0.5176119508751065,
    0.5091168539713136,
    0.6986246892596619,
    0.5521885810139657,
    0.6875097608352205,
    0.6235562738279935,
    0.48942059234166563,
    0.3852569170631393,
    0.3821597987544109
  ],
  "leviN13": [
    1.3497838043956716e-31,
    1.3497838043956716e-31,
    1.3497838043956716e-31,
    1.3497838043956716e-31,
    1.3497838043956716e-31,
    1.3497838043956716e-31,
    1.3497838043956716e-31,
    1.3497838043956716e-31,
    1.3497838043956716e-31,
    1.3497838043956716e-31,
    1.3497838043956716e-31,
    1.3497838043956716e-31,
    1.3497838043956716e-31,
    1.3497838043956716e-31,
    1.3497838043956716e-31,
    1.3497838043956716e-31,
    1.3497838043956716e-31,
    1.3497838043956716e-31,
    1.3497838043956716e-31,
    1.3497838043956716e-31
  ],
  "salomon": [
    0.49987335180414233,
    0.5998733458468123,
    0.49987334584681115,
    0.3998733458468114,
    0.4998733458468113,
    0.4998733458519548,
    0.29987360443707095,
    0.6998733458468147,
    0.49987347271754523,
    0.5998733572385804,
    0.5998734689958941,
    0.39987340618538864,
    0.5998733458676785,
    0.49987346682091277,
    0.3998733458468177,
    0.399873345846811,
    0.599873345846811,
    0.3998913493928029,
    0.3998733458468116,
    0.49987334585866766
  ],
  "wolfe": {
    "mean": -10,
    "variance": 0
  }
}