{
  "bohachevskyN1": [
    0,
    0,
    0,
    0,
    0,
    0,
    0,
    0,
    0,
    0,
    0,
    0,
    0,
    0,
    0,
    0,
    0,
    0,
    0,
    0
  ],
  "ackleyN2": [
    -200,
    -200,
    -200,
    -200,
    -200,
    -200,
    -200,
    -200,
    -200,
    -200,
    -200,
    -200,
    -200,
    -200,
    -200,
    -200,
    -200,
    -200,
    -200,
    -200
  ],
  "sphere": [
    5.8193928235029946e-8,
    1.6325495268345942e-8,
    2.1488472895777766e-7,
    0.000008540151259120388,
    1.7659926297713046e-7,
    7.932488617682913e-8,
    2.113665539611839e-8,
    2.647781426977693e-8,
    4.131964344132538e-8,
    2.952500596468784e-7,
    1.6499683817041354e-8,
    9.021632702035597e-9,
    3.9526192368708526e-8,
    6.510628953720093e-7,
    4.807372490698141e-8,
    7.949285612698962e-8,
    9.242558198663075e-9,
    2.3767464194891875e-8,
    2.42345395613877e-8,
    0.000001250159921693246
  ],
  "brent": [
    8.194012623990515e-40,
    8.194012623990515e-40,
    8.194012623990515e-40,
    8.194012623990515e-40,
    8.194012623990515e-40,
    8.194012623990515e-40,
    8.194012623990515e-40,
    8.194012623990515e-40,
    8.194012623990515e-40,
    8.194012623990515e-40,
    8.194012623990515e-40,
    8.194012623990515e-40,
    8.194012623990515e-40,
    8.194012623990515e-40,
    8.194012623990515e-40,
    8.194012623990515e-40,
    8.194012623990515e-40,
    8.194012623990515e-40,
    8.194012623990515e-40,
    8.194012623990515e-40
  ],
  "dropWave": [
    -1.491605138450382,
    -1.4916051384503817,
    -1.491605138450382,
    -1.491605138450382,
    -1.491605138450382,
    -1.491605138450382,
    -1.491605138450382,
    -1.491605138450382,
    -1.491605138450382,
    -1.491605138450382,
    -1.491605138450382,
    -1.491605138450382,
    -1.491605138450382,
    -1.491605138450382,
    -1.491605138450382,
    -1.491605138450382,
    -1.491605138450382,
    -1.491605138450382,
    -1.491605138450382,
    -1.491605138450382
  ],
  "matyas": [
    2.4975266819076546e-37,
    1.029365323274809e-35,
    2.0119029471600964e-35,
    3.229685121263769e-37,
    5.883680411298119e-36,
    6.141300661177333e-38,
    7.221271734893062e-38,
    1.1186843103126285e-35,
    3.973965585898517e-37,
    1.209915339787313e-36,
    3.3487709039738884e-37,
    4.091669259563489e-36,
    1.8762233264434908e-34,
    3.7026418577126544e-36,
    2.7475581567671804e-38,
    5.2242116279701924e-36,
    2.5035749713814117e-36,
    8.351481685475997e-36,
    5.960547631489328e-35,
    3.9963914142170377e-35
  ],
  "schwefel220": [
    10.176780660408472,
    0.04598056009474596,
    10.063630467840307,
    0.008462848449603894,
    0.0023949814966818155,
    0.008825084462530696,
    10.000377592806252,
    0.02330486896339894,
    0.005875141015429914,
    0.3482959301283816,
    0.005707765628886806,
    10.001167700028528,
    0.05621617204233682,
    0.0009161861680518733,
    0.02294264949360762,
    0.03610208808200841,
    0.010760048964694784,
    0.13576730927147498,
    0.2564687362635319,
    10.011268366057207
  ],
  "bird": [
    -106.76453674926476,
    -106.76453674926476,
    -106.76453674926476,
    -106.76453674926476,
    -106.76453674926478,
    -106.76453674926476,
    -106.76453674926476,
    -106.76453674926476,
    -106.76453674926476,
    -106.76453674926478,
    -106.76453674926476,
    -106.76453674926476,
    -87.31088273300362,
    -106.76453674926478,
    -106.76453674926476,
    -106.76453674926476,
    -106.76453674926476,
    -106.76453674926478,
    -106.76453674926476,
    -106.76453674926476
  ],
  "deckkersAarts": [
    -8000029390,
    -8000029390,
    -8000029390,
    -8000029390,
    -8000029390,
    -8000029390,
    -8000029390,
    -8000029390,
    -8000029390,
    -8000029390,
    -8000029390,
    -8000029390,
    -8000029390,
    -8000029390,
    -8000029390,
    -8000029390,
    -8000029390,
    -8000029390,
    -8000029390,
    -8000029390
  ],
  "goldsteinPrice": [
    -1939996788.1207743,
    -1939996788.120774,
    -1939996788.1207736,
    -1939996788.120774,
    -1939996788.1207745,
    -1939996788.120774,
    -1939996788.1207743,
    -1939996788.1207743,
    -1939996788.120774,
    -1939996788.1207738,
    -1939996788.120773,
    -1939996788.1207745,
    -1939996788.1207738,
    -1939996788.1207736,
    -1939996788.120774,
    -1939996788.1207738,
    -1939996788.1207743,
    -1939996788.1207743,
    -1939996788.1207745,
    -1939996788.120774
  ],
  "happyCat": [
    0.7314286037038324,
    0.30876750108032547,
    0.4397575785509305,
    0.5644979927984233,
    0.7002703360975072,
    0.43410633485795885,
    0.6958723415574831,
    0.4468811926323676,
    0.35976223088379994,
    0.6912552505913495,
    0.4165685501530766,
    0.39293949917680293,
    0.7339924996972047,
    0.5066652885348427,
    0.5577501788800043,
    0.6144442353057938,
    0.5593881433759591,
    0.4683769120782014,
    0.5295983025511705,
    0.3767419203100808
  ],
  "leviN13": [
    1.3497838043956716e-31,
    1.3497838043956716e-31,
    1.3497838043956716e-31,
    1.3497838043956716e-31,
    1.3497838043956716e-31,
    1.3497838043956716e-31,
    1.3497838043956716e-31,
    1.3497838043956716e-31,
    1.3497838043956716e-31,
    1.3497838043956716e-31,
    1.3497838043956716e-31,
    1.3497838043956716e-31,
    1.3497838043956716e-31,
    1.3497838043956716e-31,
    1.3497838043956716e-31,
    1.3497838043956716e-31,
    1.3497838043956716e-31,
    1.3497838043956716e-31,
    1.3497838043956716e-31,
    1.3497838043956716e-31
  ],
  "salomon": [
    0.2998733458543029,
    0.499873683219733,
    0.2998733468801687,
    0.49987335345121453,
    0.49987343028366277,
    0.39987334584683637,
    0.4998733461279108,
    0.3998749451795773,
    1.1998733458469473,
    0.39987336168248083,
    0.29987690937404204,
    0.49987334589003557,
    0.3998733511052133,
    0.699873345846811,
    0.5998737554571695,
    0.3998733458473911,
    0.49987347432203716,
    0.6998733483064682,
    0.39987334609199876,
    0.599873345846811
  ],
  "wolfe": {
    "mean": -10,
    "variance": 0
  }
}